post_id,platform,post_date,content_type,impressions,reach,likes,comments,shares,saves,engagement,engagement_rate,like_rate,comment_rate,share_rate,save_rate,month
1,Twitter,2024-01-01,Carousel,26644,22798,1481,259,102,82,1842,6.9133763699144275,0.05558474703497973,0.009720762648251013,0.0038282540159135267,0.0030776159735775408,2024-01
2,Instagram,2024-01-02,Text,4500,3445,112,17,10,3,139,3.088888888888889,0.024888888888888887,0.003777777777777778,0.0022222222222222222,0.0006666666666666666,2024-01
3,Twitter,2024-01-03,Image,5552,4265,315,47,20,18,382,6.880403458213256,0.05673631123919309,0.008465417867435158,0.0036023054755043226,0.0032420749279538905,2024-01
4,Twitter,2024-01-04,Image,36006,31073,1003,143,22,147,1168,3.2439037938121427,0.02785646836638338,0.003971560295506304,0.0006110092762317391,0.004082652891184802,2024-01
5,Instagram,2024-01-05,Text,28574,20603,647,105,61,81,813,2.845243928046476,0.022642962133407992,0.0036746692797648213,0.002134807867291944,0.0028347448729614333,2024-01
6,Instagram,2024-01-06,Image,38655,24747,549,40,41,79,630,1.629802095459837,0.01420256111757858,0.001034794981244341,0.0010606648557754494,0.0020437200879575733,2024-01
7,Twitter,2024-01-07,Text,41270,25118,1213,220,89,107,1522,3.6879088926581054,0.02939181003149988,0.005330748727889508,0.002156530167191665,0.00259268233583717,2024-01
8,LinkedIn,2024-01-08,Image,32820,27127,1461,264,54,63,1779,5.420475319926874,0.044515539305301645,0.008043875685557587,0.0016453382084095063,0.001919561243144424,2024-01
9,Twitter,2024-01-09,Video,38804,30503,730,39,53,69,822,2.1183383156375633,0.01881249355736522,0.001005051025667457,0.0013658385733429544,0.0017781671992578084,2024-01
10,Twitter,2024-01-10,Image,46747,37922,2523,438,129,213,3090,6.610049842770659,0.05397137784242839,0.00936958521402443,0.0027595353712537704,0.004556442124628318,2024-01
11,Twitter,2024-01-11,Text,4413,2929,138,9,9,18,156,3.5350101971447994,0.03127124405166554,0.0020394289598912306,0.0020394289598912306,0.004078857919782461,2024-01
12,Twitter,2024-01-12,Text,17950,11504,592,59,16,24,667,3.7158774373259056,0.03298050139275766,0.003286908077994429,0.0008913649025069638,0.0013370473537604457,2024-01
13,Instagram,2024-01-13,Text,24607,14871,690,111,50,61,851,3.4583655057503964,0.028040801397976187,0.004510911529239647,0.0020319421302881294,0.002478969398951518,2024-01
14,Twitter,2024-01-14,Text,21264,14994,660,48,65,31,773,3.6352520692249812,0.031038374717832957,0.002257336343115124,0.0030568096313017307,0.0014578630549285177,2024-01
15,LinkedIn,2024-01-15,Text,43904,34112,1827,315,43,125,2185,4.97676749271137,0.04161352040816327,0.007174744897959184,0.0009794096209912537,0.002847120991253644,2024-01
16,Instagram,2024-01-16,Carousel,20991,15064,441,77,43,52,561,2.6725739602686867,0.021009003858796626,0.0036682387689962364,0.0020484969748940022,0.00247725215568577,2024-01
17,LinkedIn,2024-01-17,Carousel,38994,28514,881,111,46,76,1038,2.661947991998769,0.022593219469661998,0.0028465917833512848,0.0011796686669744063,0.0019490177976098887,2024-01
18,LinkedIn,2024-01-18,Image,3873,3374,241,12,21,18,274,7.0746191582752385,0.06222566485928221,0.003098373353989156,0.005422153369481022,0.004647560030983733,2024-01
19,LinkedIn,2024-01-19,Text,12661,8919,684,63,56,52,803,6.34231103388358,0.054024168707053156,0.0049759102756496325,0.004423031356133007,0.004107100544980649,2024-01
20,LinkedIn,2024-01-20,Image,32496,24508,1039,148,67,88,1254,3.858936484490399,0.03197316592811423,0.004554406696208764,0.0020617922205809947,0.0027080256031511572,2024-01
21,Instagram,2024-01-21,Text,27622,23067,836,164,66,103,1066,3.8592426326840923,0.03026573021504598,0.005937296357975527,0.002389399753819419,0.003728911737021215,2024-01
22,Instagram,2024-01-22,Text,35350,25415,1490,215,134,204,1839,5.202263083451202,0.04214992927864215,0.006082036775106082,0.003790664780763791,0.005770862800565771,2024-01
23,LinkedIn,2024-01-23,Carousel,27850,21907,975,86,51,141,1112,3.9928186714542195,0.03500897666068223,0.0030879712746858167,0.0018312387791741473,0.005062836624775583,2024-01
24,LinkedIn,2024-01-24,Carousel,27972,24019,516,74,23,64,613,2.1914771914771913,0.018447018447018446,0.0026455026455026454,0.0008222508222508223,0.002288002288002288,2024-01
25,Instagram,2024-01-25,Video,29261,25891,760,99,55,51,914,3.123611633231947,0.025973138306961484,0.0033833430163015617,0.0018796350090564233,0.001742934281125047,2024-01
26,Instagram,2024-01-26,Carousel,25851,16651,1048,174,88,117,1310,5.067502224285327,0.040540017794282616,0.006730880816989672,0.0034041236315809835,0.004525937101079262,2024-01
27,Instagram,2024-01-27,Video,23632,20748,1235,81,100,101,1416,5.991875423155045,0.05225964793500339,0.003427555856465809,0.0042315504400812455,0.0042738659444820585,2024-01
28,Twitter,2024-01-28,Video,49549,37044,801,131,67,48,999,2.0161859976992473,0.0161658156572282,0.0026438475044905044,0.0013521968152737695,0.0009687380169125512,2024-01
29,Twitter,2024-01-29,Video,15805,10707,356,46,19,46,421,2.663714014552357,0.022524517557734894,0.0029104713698196775,0.001202151217968997,0.0029104713698196775,2024-01
30,Twitter,2024-01-30,Video,10317,7611,257,49,21,8,327,3.1695260250072694,0.02491034215372686,0.0047494426674420855,0.002035475428903751,0.0007754192110109528,2024-01
31,LinkedIn,2024-01-31,Video,11761,10514,634,64,18,87,716,6.087917694073633,0.05390698069892016,0.005441714139954086,0.0015304821018620866,0.007397330159000085,2024-01
32,Twitter,2024-02-01,Image,917,685,14,2,0,1,16,1.7448200654307526,0.015267175572519083,0.0021810250817884407,0.0,0.0010905125408942203,2024-02
33,LinkedIn,2024-02-02,Carousel,42076,29395,771,146,15,82,932,2.2150394524194317,0.018323985169692938,0.003469911588554045,0.0003564977659473334,0.0019488544538454225,2024-02
34,LinkedIn,2024-02-03,Video,20858,16478,1120,73,51,122,1244,5.9641384600632845,0.05369642343465337,0.0034998561702943715,0.002445104995685109,0.005849074695560457,2024-02
35,Twitter,2024-02-04,Text,3767,2531,77,14,3,10,94,2.4953543934165117,0.020440668967348023,0.0037164852667905496,0.0007963897000265463,0.002654632333421821,2024-02
36,LinkedIn,2024-02-05,Carousel,17709,11028,652,99,33,69,784,4.427127449319555,0.03681743746117793,0.0055903777740132134,0.0018634592580044046,0.0038963239031001187,2024-02
37,Twitter,2024-02-06,Carousel,24552,15680,537,32,40,55,609,2.4804496578690127,0.021871945259042035,0.0013033561420658195,0.0016291951775822744,0.002240143369175627,2024-02
38,Twitter,2024-02-07,Video,39013,24906,646,61,33,24,740,1.8968036295593775,0.016558583036423755,0.00156358137031246,0.0008458718888575602,0.0006151795555327711,2024-02
39,Instagram,2024-02-08,Image,26592,17167,593,92,33,54,718,2.7000601684717207,0.022299939831528278,0.0034596871239470518,0.0012409747292418773,0.002030685920577617,2024-02
40,Twitter,2024-02-09,Video,11838,7595,481,28,18,23,527,4.451765500929211,0.040631863490454466,0.0023652644027707384,0.0015205271160669033,0.0019428957594188208,2024-02
41,Instagram,2024-02-10,Image,912,722,51,7,2,6,60,6.578947368421052,0.05592105263157895,0.007675438596491228,0.0021929824561403508,0.006578947368421052,2024-02
42,Twitter,2024-02-11,Text,8043,5264,367,37,14,33,418,5.197065771478304,0.04562974014671142,0.004600273529777446,0.0017406440382941688,0.004102946661693398,2024-02
43,Twitter,2024-02-12,Carousel,40855,28749,1260,180,32,140,1472,3.6029861706033532,0.03084077836250153,0.004405825480357361,0.000783257863174642,0.0034267531513890587,2024-02
44,Instagram,2024-02-13,Text,33996,29543,1775,100,121,62,1996,5.87127897399694,0.05221202494411107,0.0029415225320625956,0.0035592422637957407,0.0018237439698788093,2024-02
45,Instagram,2024-02-14,Image,24048,17848,576,104,42,23,722,3.0023286759813703,0.023952095808383235,0.004324683965402528,0.001746506986027944,0.0009564204923486361,2024-02
46,Twitter,2024-02-15,Image,27884,22314,838,164,58,97,1060,3.801463204705207,0.030053077033424185,0.005881509109166547,0.00208004590446134,0.0034786974609094822,2024-02
47,LinkedIn,2024-02-16,Text,44925,29277,2160,421,123,83,2704,6.018920422927101,0.048080133555926545,0.009371174179187534,0.002737896494156928,0.001847523650528659,2024-02
48,Instagram,2024-02-17,Image,39256,25818,536,87,27,20,650,1.6557978398206643,0.013653963725290402,0.0022162217240676583,0.0006877929488485837,0.0005094762584063583,2024-02
49,LinkedIn,2024-02-18,Text,19388,11870,298,20,26,9,344,1.7742933773468126,0.015370332164225294,0.0010315659170621002,0.0013410356921807305,0.00046420466267794514,2024-02
50,LinkedIn,2024-02-19,Carousel,36235,23577,765,125,47,110,937,2.5858976128052986,0.021112184352145714,0.0034497033255140057,0.0012970884503932661,0.003035738926452325,2024-02
51,LinkedIn,2024-02-20,Text,47795,32671,705,37,41,83,783,1.6382466785228582,0.014750496913903129,0.000774139554346689,0.0008578303169787635,0.0017365833246155455,2024-02
52,Instagram,2024-02-21,Carousel,49316,32208,994,52,21,71,1067,2.1635980209262713,0.020155730391759268,0.001054424527536702,0.00042582528996674507,0.0014396950279828048,2024-02
53,LinkedIn,2024-02-22,Text,18006,11282,620,61,29,40,710,3.9431300677551926,0.03443296678884816,0.0033877596356769965,0.0016105742530267688,0.0022214817283127846,2024-02
54,Instagram,2024-02-23,Image,20963,13336,603,74,30,43,707,3.372608882316462,0.028764966846348328,0.0035300290988885177,0.0014310928779277775,0.0020512331250298146,2024-02
55,LinkedIn,2024-02-24,Text,18455,13624,1002,165,52,123,1219,6.605256028176646,0.054294229206177186,0.008940666486047142,0.0028176645895421296,0.00666486047141696,2024-02
56,Twitter,2024-02-25,Image,38341,25377,1752,267,116,191,2135,5.568451527085887,0.04569520878433009,0.006963824626379072,0.0030254818601497093,0.004981612373177538,2024-02
57,Twitter,2024-02-26,Text,5604,3974,160,18,10,8,188,3.354746609564597,0.028551034975017844,0.0032119914346895075,0.0017844396859386152,0.0014275517487508922,2024-02
58,Instagram,2024-02-27,Text,35411,26594,945,86,64,48,1095,3.0922594673971364,0.0266866228008246,0.002428623873937477,0.0018073479992092854,0.001355510999406964,2024-02
59,Twitter,2024-02-28,Video,23690,19120,817,163,66,34,1046,4.415365132967497,0.03448712536935416,0.006880540312368088,0.0027859856479527227,0.0014352047277332207,2024-02
60,Twitter,2024-02-29,Image,7857,4806,266,30,22,29,318,4.047346315387553,0.03385516100292733,0.0038182512409316535,0.0028000509100165457,0.003690976199567265,2024-02
61,LinkedIn,2024-03-01,Video,32979,27696,999,117,77,121,1193,3.617453531034901,0.030292004002547075,0.0035477121804784865,0.0023348191273234484,0.00366900148579399,2024-03
62,Instagram,2024-03-02,Image,45311,35721,2052,152,197,126,2401,5.298934033678356,0.0452870163977842,0.0033545938072432743,0.004347730131756085,0.002780781708635872,2024-03
63,LinkedIn,2024-03-03,Video,36708,22925,1021,172,21,33,1214,3.3071809959681815,0.02781410046856271,0.004685627111256402,0.0005720823798627002,0.0008989865969271004,2024-03
64,LinkedIn,2024-03-04,Carousel,20650,17801,945,145,33,37,1123,5.438256658595641,0.04576271186440678,0.0070217917675544795,0.0015980629539951573,0.0017917675544794189,2024-03
65,LinkedIn,2024-03-05,Text,6144,5383,248,20,5,36,273,4.443359375,0.040364583333333336,0.0032552083333333335,0.0008138020833333334,0.005859375,2024-03
66,LinkedIn,2024-03-06,Image,43786,27073,1019,63,73,66,1155,2.6378294432010234,0.023272278810578723,0.0014388160599278308,0.001667199561503677,0.0015073311104005847,2024-03
67,LinkedIn,2024-03-07,Image,47820,32664,2512,382,230,307,3124,6.532831451275617,0.05253032204098704,0.007988289418653283,0.004809703053115851,0.006419907988289419,2024-03
68,LinkedIn,2024-03-08,Text,3414,2874,189,28,7,19,224,6.561218512009373,0.05536028119507909,0.008201523140011716,0.002050380785002929,0.005565319273579379,2024-03
69,LinkedIn,2024-03-09,Image,21852,18016,511,46,48,38,605,2.7686252974556105,0.02338458722313747,0.0021050704740984806,0.002196595277320154,0.0017389712612117885,2024-03
70,Instagram,2024-03-10,Image,46852,30704,2214,426,54,121,2694,5.7500213438060275,0.04725518654486468,0.00909246136771109,0.0011525655254845044,0.0025826005293263896,2024-03
71,Twitter,2024-03-11,Video,45412,30099,1482,107,140,66,1729,3.8073636924161014,0.03263454593499516,0.0023562054082621334,0.0030828855809037258,0.001453360345283185,2024-03
72,LinkedIn,2024-03-12,Image,14897,10593,780,89,37,80,906,6.081761428475533,0.052359535476941665,0.005974357253138216,0.002483721554675438,0.005370208766865812,2024-03
73,LinkedIn,2024-03-13,Carousel,42055,31345,2131,408,59,262,2598,6.177624539293782,0.05067173938889549,0.009701581262632267,0.0014029247414100582,0.006229936987278564,2024-03
74,LinkedIn,2024-03-14,Carousel,47459,37277,1696,191,99,181,1986,4.1846646579152535,0.03573610906255926,0.004024526433342464,0.002086011083250806,0.0038138182431151097,2024-03
75,LinkedIn,2024-03-15,Text,1228,872,18,2,0,1,20,1.6286644951140066,0.014657980456026058,0.0016286644951140066,0.0,0.0008143322475570033,2024-03
76,LinkedIn,2024-03-16,Image,1198,885,31,3,1,1,35,2.921535893155259,0.02587646076794658,0.0025041736227045075,0.0008347245409015025,0.0008347245409015025,2024-03
77,LinkedIn,2024-03-17,Text,40454,33343,1750,159,78,255,1987,4.911751619122954,0.04325901023384585,0.003930390072675137,0.001928115884708558,0.006303455776931824,2024-03
78,Twitter,2024-03-18,Carousel,47780,29193,1693,334,142,213,2169,4.539556299706991,0.03543323566345751,0.006990372540812056,0.0029719547928003347,0.004457932189200502,2024-03
79,Twitter,2024-03-19,Image,14423,9746,345,38,21,22,404,2.801081605768564,0.02392012757401373,0.0026346807182971643,0.0014560077653747487,0.001525341468487832,2024-03
80,LinkedIn,2024-03-20,Image,17279,14065,398,73,17,58,488,2.8242375137450084,0.023033740378494125,0.004224781526708721,0.0009838532322472364,0.003356675733549395,2024-03
81,Twitter,2024-03-21,Text,7900,6861,480,40,33,49,553,7.000000000000001,0.060759493670886074,0.005063291139240506,0.004177215189873418,0.00620253164556962,2024-03
82,Instagram,2024-03-22,Carousel,24966,18811,1487,121,114,148,1722,6.897380437394856,0.05956100296403108,0.004846591364255387,0.0045662100456621,0.005928062164543779,2024-03
83,LinkedIn,2024-03-23,Image,37439,28439,1465,80,61,175,1606,4.289644488367745,0.039130318651673386,0.0021368092096476937,0.0016293170223563665,0.0046742701461043295,2024-03
84,Instagram,2024-03-24,Text,4860,3072,93,13,4,11,110,2.263374485596708,0.019135802469135803,0.002674897119341564,0.0008230452674897119,0.0022633744855967077,2024-03
85,Instagram,2024-03-25,Carousel,35770,26263,954,100,28,103,1082,3.0248811853508526,0.026670394185071288,0.0027956388034665923,0.0007827788649706458,0.00287950796757059,2024-03
86,LinkedIn,2024-03-26,Text,17601,13372,282,50,9,12,341,1.9373899210272143,0.016021816942219193,0.0028407476847906368,0.0005113345832623146,0.0006817794443497528,2024-03
87,Twitter,2024-03-27,Video,32807,22070,1652,199,123,116,1974,6.017008565245222,0.050355107141768524,0.0060657786448014145,0.003749199865882281,0.00353583076782394,2024-03
88,Instagram,2024-03-28,Image,5986,4075,110,21,3,15,134,2.238556632141664,0.018376211159371866,0.0035081857667891747,0.0005011693952555964,0.002505846976277982,2024-03
89,LinkedIn,2024-03-29,Video,8835,6300,343,26,21,19,390,4.4142614601018675,0.0388228636106395,0.002942840973401245,0.0023769100169779285,0.002150537634408602,2024-03
90,Instagram,2024-03-30,Carousel,21864,13250,482,86,36,35,604,2.762532016099524,0.022045371386754484,0.003933406512989389,0.001646542261251372,0.0016008049762166118,2024-03
91,Instagram,2024-03-31,Video,37759,26303,1400,233,39,114,1672,4.428083370851983,0.03707725310521995,0.00617071426679732,0.0010328663365025558,0.0030191477528536243,2024-03
92,Instagram,2024-04-01,Video,24076,15972,943,156,61,78,1160,4.818076092374148,0.03916763581990364,0.0064794816414686825,0.002533643462369164,0.0032397408207343412,2024-04
93,Instagram,2024-04-02,Carousel,32167,22460,1567,276,63,162,1906,5.925327198681879,0.048714521093045665,0.008580221966611744,0.0019585289271613765,0.005036217241272111,2024-04
94,Twitter,2024-04-03,Text,11630,7395,239,39,23,34,301,2.5881341358555456,0.020550300945829752,0.003353396388650043,0.0019776440240756666,0.0029234737747205505,2024-04
95,Instagram,2024-04-04,Video,22472,19486,402,57,23,23,482,2.1448914204343184,0.017888928444286224,0.0025364898540405838,0.001023495906016376,0.001023495906016376,2024-04
96,Instagram,2024-04-05,Text,40919,31838,898,62,75,40,1035,2.5293873261809914,0.021945795351792564,0.0015151885432195312,0.00183288936679782,0.000977540995625504,2024-04
97,Instagram,2024-04-06,Video,1667,1339,99,5,6,5,110,6.5986802639472115,0.0593881223755249,0.002999400119976005,0.003599280143971206,0.002999400119976005,2024-04
98,Twitter,2024-04-07,Text,27692,23171,1678,315,39,228,2032,7.337859309547884,0.06059511772353026,0.011375126390293226,0.0014083489816553516,0.008233424815831288,2024-04
99,Instagram,2024-04-08,Carousel,1562,1170,65,9,4,6,78,4.99359795134443,0.041613316261203584,0.005761843790012804,0.002560819462227913,0.0038412291933418692,2024-04
100,Instagram,2024-04-09,Video,19040,11920,667,113,64,42,844,4.432773109243698,0.03503151260504202,0.005934873949579832,0.0033613445378151263,0.0022058823529411764,2024-04
101,Twitter,2024-04-10,Carousel,24744,18833,1128,137,76,144,1341,5.419495635305529,0.04558680892337536,0.0055366957646298095,0.0030714516650501133,0.005819592628516004,2024-04
102,Twitter,2024-04-11,Video,22045,17108,522,35,44,69,601,2.7262417781809933,0.02367883873894307,0.0015876616012701294,0.001995917441596734,0.0031299614425039693,2024-04
103,Twitter,2024-04-12,Carousel,22189,18275,1368,94,124,180,1586,7.147685790256434,0.06165216999414124,0.004236333318310875,0.005588354590112218,0.008112127630808059,2024-04
104,Instagram,2024-04-13,Carousel,11674,8516,384,58,14,53,456,3.906116155559362,0.03289360973102621,0.004968305636457084,0.0011992461881103306,0.004540003426417681,2024-04
105,Twitter,2024-04-14,Video,23425,14951,642,73,23,38,738,3.150480256136606,0.027406616862326573,0.0031163287086446102,0.0009818569903948774,0.0016221985058697973,2024-04
106,Twitter,2024-04-15,Video,37997,26032,1331,106,91,160,1528,4.021370108166434,0.035029081243256044,0.0027896939232044636,0.002394925915203832,0.004210858752006738,2024-04
107,Instagram,2024-04-16,Video,9848,6981,159,19,8,13,186,1.8887083671811535,0.016145410235580828,0.0019293257514216085,0.0008123476848090983,0.0013200649878147847,2024-04
108,Twitter,2024-04-17,Image,24214,19220,576,34,50,75,660,2.7256958784174445,0.023787891302552242,0.0014041463616089865,0.0020649211200132155,0.003097381680019823,2024-04
109,Instagram,2024-04-18,Text,38602,29771,1913,262,175,224,2350,6.087767473187918,0.04955701777109994,0.006787213097766955,0.0045334438630122795,0.0058028081446557175,2024-04
110,LinkedIn,2024-04-19,Image,9424,6661,166,14,8,20,188,1.9949066213921902,0.01761460101867572,0.0014855687606112054,0.0008488964346349745,0.0021222410865874364,2024-04
111,Twitter,2024-04-20,Image,37598,33686,1892,320,73,205,2285,6.0774509282408635,0.05032182562902282,0.008511091015479547,0.0019415926379062717,0.005452417681791584,2024-04
112,LinkedIn,2024-04-21,Carousel,24894,19460,675,65,55,34,795,3.1935406121957097,0.027114967462039046,0.002611070940788945,0.0022093677191291072,0.0013657909536434483,2024-04
113,Instagram,2024-04-22,Video,7301,4900,212,25,8,20,245,3.3557046979865772,0.029037118202985893,0.003424188467333242,0.0010957403095466374,0.0027393507738665934,2024-04
114,Twitter,2024-04-23,Text,38114,24032,896,46,76,132,1018,2.670934564726872,0.02350842210211471,0.001206905598992496,0.0019940179461615153,0.003463294327543685,2024-04
115,Instagram,2024-04-24,Carousel,7231,4670,193,11,10,27,214,2.959480016595215,0.026690637532844695,0.0015212280459134283,0.0013829345871940258,0.0037339233854238696,2024-04
116,LinkedIn,2024-04-25,Image,48636,32770,2069,225,151,72,2445,5.02714038983469,0.042540504975738136,0.0046262028127313105,0.003104696109877457,0.0014803849000740192,2024-04
117,Instagram,2024-04-26,Video,24125,15637,591,72,16,29,679,2.8145077720207254,0.02449740932642487,0.0029844559585492226,0.0006632124352331606,0.0012020725388601037,2024-04
118,Twitter,2024-04-27,Carousel,17837,11700,631,88,44,28,763,4.277625161181813,0.03537590401973426,0.004933565061389247,0.0024667825306946235,0.0015697707013511242,2024-04
119,Twitter,2024-04-28,Video,35807,24546,1192,111,66,139,1369,3.823274778674561,0.03328958024967185,0.003099952523249644,0.0018432150138241127,0.003881922529114419,2024-04
120,LinkedIn,2024-04-29,Carousel,7556,4926,294,45,19,37,358,4.737956590788777,0.03890947591318158,0.005955532027527793,0.0025145579671784013,0.004896770778189518,2024-04
121,Instagram,2024-04-30,Video,12016,10442,795,142,26,44,963,8.014314247669773,0.06616178428761652,0.01181757656458056,0.0021637816245006656,0.0036617842876165113,2024-04
122,Twitter,2024-05-01,Image,44761,27934,1786,298,141,161,2225,4.9708451553808,0.03990080650566341,0.006657581376644847,0.0031500636714997432,0.0035968812135564444,2024-05
123,LinkedIn,2024-05-02,Text,2042,1546,50,2,4,6,56,2.742409402546523,0.024485798237022526,0.0009794319294809011,0.0019588638589618022,0.002938295788442703,2024-05
124,Twitter,2024-05-03,Image,22177,16036,350,42,13,41,405,1.826216350272805,0.015782116607295848,0.0018938539928755017,0.0005861929025567029,0.0018487622311403706,2024-05
125,Twitter,2024-05-04,Text,47232,42259,1510,99,41,143,1650,3.4933943089430897,0.03196985094850949,0.002096036585365854,0.0008680555555555555,0.003027608401084011,2024-05
126,Instagram,2024-05-05,Video,39581,25078,1396,120,30,140,1546,3.9059144539046513,0.03526944746216619,0.003031757661504257,0.0007579394153760643,0.0035370506050883,2024-05
127,Twitter,2024-05-06,Carousel,28069,20191,466,92,33,42,591,2.1055256688873847,0.01660194520645552,0.003277637251059888,0.001175674231358438,0.0014963126580925575,2024-05
128,Instagram,2024-05-07,Image,23822,21221,1056,75,72,69,1203,5.0499538241961215,0.04432877172361682,0.0031483502644614222,0.0030224162538829654,0.0028964822433045086,2024-05
129,Twitter,2024-05-08,Text,19565,16819,938,117,59,91,1114,5.693841042678252,0.047942754919499106,0.005980066445182724,0.00301558906210069,0.004651162790697674,2024-05
130,LinkedIn,2024-05-09,Image,18424,15570,623,88,24,70,735,3.9893617021276597,0.0338145896656535,0.004776378636561007,0.0013026487190620929,0.003799392097264438,2024-05
131,Twitter,2024-05-10,Text,23056,15617,1034,160,53,139,1247,5.408570437196392,0.04484732824427481,0.006939625260235947,0.0022987508674531575,0.006028799444829979,2024-05
132,Instagram,2024-05-11,Image,27462,17885,472,63,31,50,566,2.0610297866142306,0.01718738620639429,0.0022940790911077126,0.001128832568640303,0.0018206976913553274,2024-05
133,Instagram,2024-05-12,Text,28795,23053,564,29,33,68,626,2.1739885396770275,0.01958673380795277,0.0010071192915436708,0.0011460322972738322,0.002361521097412745,2024-05
134,LinkedIn,2024-05-13,Text,14307,12573,800,79,79,39,958,6.696022925840498,0.05591668414063046,0.005521772558887258,0.005521772558887258,0.002725938351855735,2024-05
135,Twitter,2024-05-14,Video,42848,32865,1634,208,50,139,1892,4.415608663181478,0.03813480209111277,0.0048543689320388345,0.0011669156086631814,0.0032440253920836444,2024-05
136,Twitter,2024-05-15,Text,26932,20777,1273,80,96,39,1449,5.3802168424179415,0.047267191445121044,0.0029704440813901676,0.0035645328976682015,0.001448091489677707,2024-05
137,LinkedIn,2024-05-16,Video,18249,12482,575,58,30,34,663,3.633075784974519,0.031508575812373284,0.003178256342813305,0.001643925694558606,0.00186311578716642,2024-05
138,Twitter,2024-05-17,Text,41959,34861,1212,66,65,142,1343,3.200743583021521,0.028885340451393026,0.001572964083986749,0.0015491312948354345,0.0033842560594866417,2024-05
139,Twitter,2024-05-18,Carousel,26756,17554,1213,74,93,180,1380,5.157721632531021,0.0453356256540589,0.0027657347884586635,0.0034758558827926445,0.006727462998953506,2024-05
140,Instagram,2024-05-19,Carousel,40762,28415,1931,211,145,80,2287,5.61061773220156,0.04737255286786713,0.005176389774790246,0.0035572346793582258,0.001962612236887297,2024-05
141,Twitter,2024-05-20,Carousel,37580,27344,1686,117,167,131,1970,5.242150079829696,0.04486428951569984,0.0031133581692389567,0.004443853113358169,0.003485896753592336,2024-05
142,Twitter,2024-05-21,Text,1824,1372,49,6,1,6,56,3.070175438596491,0.0268640350877193,0.003289473684210526,0.0005482456140350877,0.003289473684210526,2024-05
143,LinkedIn,2024-05-22,Video,26231,17646,977,149,27,53,1153,4.395562502382678,0.03724600663337273,0.005680301932827571,0.0010293164576264725,0.0020205100834890014,2024-05
144,LinkedIn,2024-05-23,Video,36409,23099,962,163,74,92,1199,3.2931418055975175,0.026422038506962564,0.004476915048477025,0.002032464500535582,0.002526847757422615,2024-05
145,Instagram,2024-05-24,Text,24303,19033,485,38,32,57,555,2.2836686828786568,0.01995638398551619,0.0015635929720610624,0.0013167098712093157,0.0023453894580915935,2024-05
146,Twitter,2024-05-25,Carousel,20370,13985,1049,78,43,109,1170,5.743740795287187,0.051497299950908196,0.003829160530191458,0.002110947471772214,0.005351006381934217,2024-05
147,Twitter,2024-05-26,Carousel,35078,27163,766,50,20,40,836,2.383260163065169,0.021837048862534923,0.0014253948343691202,0.0005701579337476481,0.0011403158674952961,2024-05
148,Twitter,2024-05-27,Video,7088,4581,352,51,9,25,412,5.812641083521445,0.04966139954853273,0.007195259593679458,0.0012697516930022573,0.0035270880361173815,2024-05
149,Instagram,2024-05-28,Carousel,38569,28708,1342,209,122,166,1673,4.337680520625373,0.03479478337524955,0.0054188597059814875,0.003163162125022687,0.0043039746947029995,2024-05
150,Instagram,2024-05-29,Image,27290,20734,644,35,22,62,701,2.5687064858922684,0.023598387687797727,0.001282521069989007,0.0008061561011359472,0.0022718944668376696,2024-05
151,LinkedIn,2024-05-30,Video,25789,15874,833,158,38,25,1029,3.9900732870603743,0.032300593276203035,0.006126643142425065,0.0014734964519756485,0.0009694055605102951,2024-05
152,Instagram,2024-05-31,Carousel,28678,20102,1454,84,55,176,1593,5.5547806681079575,0.0507008856963526,0.0029290745519213335,0.001917846432805635,0.006137108584978032,2024-05
153,Twitter,2024-06-01,Video,29210,18703,1195,156,57,40,1408,4.820267031838411,0.04091064703868538,0.005340636768230058,0.0019513865114686752,0.0013693940431359123,2024-06
154,Twitter,2024-06-02,Image,15985,9894,676,105,17,80,798,4.992180168908352,0.04228964654363466,0.0065686581169846735,0.0010634970284641853,0.005004691898654989,2024-06
155,Instagram,2024-06-03,Video,44982,40348,2401,433,147,130,2981,6.627095282557467,0.05337690631808279,0.009626072651282735,0.0032679738562091504,0.0028900449068516294,2024-06
156,Twitter,2024-06-04,Video,21152,14736,906,142,23,131,1071,5.063350983358548,0.04283282904689864,0.006713313161875945,0.0010873676248108926,0.006193267776096823,2024-06
157,Twitter,2024-06-05,Video,5248,4423,313,53,26,23,392,7.4695121951219505,0.059641768292682924,0.010099085365853659,0.004954268292682927,0.004382621951219513,2024-06
158,Instagram,2024-06-06,Video,21733,14700,514,51,19,35,584,2.6871577784935354,0.02365066948879584,0.0023466617586159295,0.0008742465375235816,0.0016104541480697558,2024-06
159,Instagram,2024-06-07,Image,9935,7992,394,67,24,18,485,4.881731253145445,0.039657775541016606,0.006743834927025667,0.002415702063412179,0.0018117765475591343,2024-06
160,Twitter,2024-06-08,Text,4209,3485,115,7,10,7,132,3.136136849607983,0.0273224043715847,0.001663102874792112,0.0023758612497030173,0.001663102874792112,2024-06
161,Twitter,2024-06-09,Video,30855,24026,1904,350,137,257,2391,7.749149246475449,0.06170798898071626,0.011343380327337546,0.0044401231567006965,0.00832928212607357,2024-06
162,Twitter,2024-06-10,Video,13616,10095,773,102,48,115,923,6.778789659224442,0.05677144535840188,0.007491186839012926,0.0035252643948296123,0.008445945945945946,2024-06
163,LinkedIn,2024-06-11,Carousel,25970,18790,420,72,19,31,511,1.9676549865229112,0.016172506738544475,0.002772429726607624,0.000731613400077012,0.0011936850211782825,2024-06
164,LinkedIn,2024-06-12,Video,42844,30190,1881,221,87,157,2189,5.109233498272803,0.04390346372887686,0.0051582485295490615,0.0020306227243021193,0.0036644571001773875,2024-06
165,LinkedIn,2024-06-13,Carousel,43418,38158,2881,422,211,336,3514,8.093417476622598,0.06635496798562808,0.009719471187065272,0.004859735593532636,0.007738725874061449,2024-06
166,Instagram,2024-06-14,Text,39798,33795,1042,134,103,142,1279,3.213729333132318,0.026182220212070957,0.003367003367003367,0.0025880697522488567,0.0035680184933916275,2024-06
167,LinkedIn,2024-06-15,Image,43456,38654,2090,333,152,211,2575,5.925533873343151,0.048094624447717234,0.007662923416789396,0.0034977908689248897,0.004855486008836524,2024-06
168,Instagram,2024-06-16,Image,15183,9675,724,45,46,55,815,5.367845616808272,0.04768491075545017,0.002963841138114997,0.0030297042745175526,0.003622472502140552,2024-06
169,Instagram,2024-06-17,Text,1004,822,18,1,1,1,20,1.9920318725099602,0.017928286852589643,0.00099601593625498,0.00099601593625498,0.00099601593625498,2024-06
170,LinkedIn,2024-06-18,Image,34482,30395,1879,163,107,213,2149,6.232237109216403,0.05449219882837422,0.004727103996287918,0.003103068267501885,0.006177135896989734,2024-06
171,LinkedIn,2024-06-19,Text,34799,22771,861,63,21,26,945,2.7155952757263138,0.02474209028995086,0.0018103968504842092,0.0006034656168280698,0.0007471479065490387,2024-06
172,LinkedIn,2024-06-20,Text,28516,17678,1334,241,86,139,1661,5.824800112217702,0.046780754664048255,0.008451395707672886,0.0030158507504558845,0.0048744564455042785,2024-06
173,Twitter,2024-06-21,Text,24460,20114,1574,130,152,114,1856,7.58789860997547,0.06434995911692559,0.005314799672935405,0.006214227309893704,0.004660670482420278,2024-06
174,LinkedIn,2024-06-22,Image,34091,26329,2018,396,68,252,2482,7.28051391862955,0.05919450881464316,0.011615969024082603,0.00199466134756974,0.0073919802880525656,2024-06
175,Twitter,2024-06-23,Carousel,17812,15185,735,73,55,30,863,4.84504828205704,0.04126431619133169,0.004098360655737705,0.0030878059735010106,0.0016842578037278239,2024-06
176,Instagram,2024-06-24,Text,38297,24584,1763,136,63,177,1962,5.123116693213568,0.046034937462464426,0.003551191999373319,0.0016450374702979345,0.004621771940360864,2024-06
177,Twitter,2024-06-25,Video,46696,39158,2767,466,173,242,3406,7.293986636971046,0.05925561075895151,0.009979441493918108,0.003704814116840843,0.0051824567414767864,2024-06
178,LinkedIn,2024-06-26,Image,49785,32882,1287,191,35,137,1513,3.039067992367179,0.025851159987948177,0.003836496936828362,0.0007030229988952496,0.0027518328813899767,2024-06
179,Instagram,2024-06-27,Text,2605,1690,117,14,6,4,137,5.259117082533589,0.04491362763915547,0.005374280230326296,0.0023032629558541267,0.0015355086372360845,2024-06
180,Instagram,2024-06-28,Text,36895,23955,532,70,42,52,644,1.7454939693725438,0.014419298007860144,0.0018972760536658084,0.001138365632199485,0.0014094050684374576,2024-06
181,Instagram,2024-06-29,Video,46240,39043,2177,343,104,211,2624,5.674740484429066,0.04708044982698962,0.007417820069204152,0.002249134948096886,0.004563148788927335,2024-06
182,Twitter,2024-06-30,Carousel,23200,18549,626,52,45,60,723,3.116379310344828,0.026982758620689655,0.0022413793103448275,0.001939655172413793,0.002586206896551724,2024-06
183,LinkedIn,2024-07-01,Carousel,35120,26583,723,144,60,74,927,2.639521640091116,0.02058656036446469,0.004100227790432802,0.0017084282460136675,0.0021070615034168563,2024-07
184,Instagram,2024-07-02,Carousel,38178,27016,665,130,62,73,857,2.244748284352245,0.017418408507517417,0.003405102415003405,0.001623971921001624,0.001912095971501912,2024-07
185,Instagram,2024-07-03,Text,21059,18177,1122,165,43,142,1330,6.315589534165915,0.0532788831378508,0.007835129873213354,0.002041882330594995,0.006742960254523007,2024-07
186,Instagram,2024-07-04,Text,28009,20102,811,64,42,50,917,3.273947659680817,0.028954978756828162,0.002284979827912457,0.0014995180120675497,0.0017851404905566068,2024-07
187,Twitter,2024-07-05,Text,28360,23963,1521,231,48,196,1800,6.346967559943582,0.053631875881523274,0.00814527503526093,0.001692524682651622,0.00691114245416079,2024-07
188,Twitter,2024-07-06,Image,11503,8417,201,12,19,18,232,2.0168651656089716,0.017473702512388074,0.0010432061201425715,0.0016517430235590716,0.0015648091802138572,2024-07
189,LinkedIn,2024-07-07,Video,22232,15853,616,33,58,24,707,3.1801007556675067,0.027707808564231738,0.0014843468873695575,0.0026088521050737674,0.0010795250089960418,2024-07
190,Twitter,2024-07-08,Text,26326,19449,1018,90,64,37,1172,4.451872673402719,0.0386689964293854,0.003418673554660792,0.0024310567499810074,0.0014054546835827698,2024-07
191,Instagram,2024-07-09,Video,30854,21302,1436,171,125,100,1732,5.613534711868802,0.046541777403254034,0.005542231153173008,0.004051338562260971,0.0032410708498087767,2024-07
192,LinkedIn,2024-07-10,Video,14343,11822,462,83,28,57,573,3.9949801296799836,0.032210834553440704,0.005786794952241512,0.0019521717911176184,0.00397406400334658,2024-07
193,Instagram,2024-07-11,Carousel,44972,33765,1943,309,135,223,2387,5.307747042604287,0.043204660677755045,0.006870941919416526,0.0030018678288712976,0.004958640932135551,2024-07
194,Instagram,2024-07-12,Image,49029,32832,2401,387,65,299,2853,5.819005078626935,0.048971017153113465,0.007893287646087009,0.0013257459870688775,0.006098431540516837,2024-07
195,Twitter,2024-07-13,Text,6690,5819,331,37,26,30,394,5.889387144992527,0.04947683109118087,0.005530642750373692,0.0038863976083707025,0.004484304932735426,2024-07
196,LinkedIn,2024-07-14,Carousel,18140,12973,440,44,13,36,497,2.7398015435501653,0.024255788313120176,0.0024255788313120178,0.0007166482910694597,0.001984564498346196,2024-07
197,Twitter,2024-07-15,Carousel,38913,29693,637,67,54,30,758,1.9479351373576952,0.016369850692570607,0.0017217896332845065,0.001387711047721841,0.0007709505820676895,2024-07
198,Twitter,2024-07-16,Text,42856,37367,2698,534,222,187,3454,8.059548254620124,0.0629550121336569,0.012460332275527347,0.005180138137016987,0.004363449691991786,2024-07
199,LinkedIn,2024-07-17,Video,45097,35503,755,42,57,61,854,1.8936958112513027,0.016741690134598752,0.0009313258088121161,0.0012639421691021575,0.001352639865179502,2024-07
200,Instagram,2024-07-18,Carousel,41321,26241,1902,342,43,77,2287,5.534716003968927,0.04602986374966724,0.008276663197889693,0.0010406330921323298,0.0018634592580044046,2024-07
201,Instagram,2024-07-19,Video,3830,3377,174,23,7,9,204,5.326370757180157,0.04543080939947781,0.0060052219321148825,0.0018276762402088772,0.002349869451697128,2024-07
202,LinkedIn,2024-07-20,Image,19587,15440,1178,136,48,119,1362,6.953591667943024,0.060141930872517485,0.006943380813805074,0.0024506049931076732,0.0060754582120794405,2024-07
203,Instagram,2024-07-21,Video,41930,29370,1995,316,97,235,2408,5.742904841402337,0.04757929883138564,0.007536370140710708,0.0023133794419270214,0.00560457906033866,2024-07
204,LinkedIn,2024-07-22,Image,25004,16047,1281,157,34,191,1472,5.887058070708687,0.051231802911534154,0.006278995360742281,0.0013597824348104304,0.007638777795552712,2024-07
205,LinkedIn,2024-07-23,Video,7614,6382,261,47,24,37,332,4.360388757551878,0.034278959810874705,0.006172839506172839,0.0031520882584712374,0.0048594693984764905,2024-07
206,Twitter,2024-07-24,Carousel,13823,10865,717,132,46,76,895,6.474716052955219,0.05187007161976416,0.009549301888157419,0.0033277870216306157,0.005498082905302756,2024-07
207,LinkedIn,2024-07-25,Carousel,34621,26313,1160,131,51,93,1342,3.876260073365876,0.03350567574593455,0.0037838306230322635,0.00147309436469195,0.0026862309003206145,2024-07
208,Twitter,2024-07-26,Image,11475,9962,486,44,25,51,555,4.836601307189543,0.042352941176470586,0.0038344226579520697,0.002178649237472767,0.0044444444444444444,2024-07
209,Instagram,2024-07-27,Text,11523,9639,555,77,30,68,662,5.745031675778877,0.0481645404842489,0.006682287598715612,0.0026034886748242643,0.005901240996268333,2024-07
210,Instagram,2024-07-28,Image,21947,14166,1025,191,69,45,1285,5.85501435275892,0.046703421879983595,0.008702783979587188,0.003143937668018408,0.002050394131316353,2024-07
211,Instagram,2024-07-29,Image,25433,17638,1394,113,85,110,1592,6.259584005032831,0.05481067903904376,0.004443046435733102,0.0033421145755514487,0.00432508945071364,2024-07
212,Instagram,2024-07-30,Video,24459,16498,1090,156,101,142,1347,5.507175272905679,0.044564373032421604,0.006378020360603458,0.004129359336031727,0.0058056339179852,2024-07
213,Twitter,2024-07-31,Video,1167,960,43,6,2,3,51,4.370179948586118,0.03684661525278492,0.005141388174807198,0.001713796058269066,0.002570694087403599,2024-07
214,Instagram,2024-08-01,Image,30203,18425,834,133,82,82,1049,3.473164917392312,0.027613151011488923,0.004403536072575572,0.002714962089858623,0.002714962089858623,2024-08
215,LinkedIn,2024-08-02,Carousel,9837,7584,487,33,42,48,562,5.713123919894277,0.04950696350513368,0.003354681305275999,0.004269594388533089,0.004879536444037816,2024-08
216,LinkedIn,2024-08-03,Video,46927,38890,1334,209,48,69,1591,3.3903722803503316,0.028427131502120315,0.00445372599995738,0.0010228653014256186,0.0014703688707993266,2024-08
217,LinkedIn,2024-08-04,Text,36987,31920,849,158,80,62,1087,2.9388704139292186,0.02295401086868359,0.004271771162840998,0.002162922107767594,0.0016762646335198854,2024-08
218,Twitter,2024-08-05,Video,19629,13791,569,43,16,39,628,3.199347903612003,0.028987722247694737,0.0021906363034286005,0.0008151204849966886,0.0019868561821794286,2024-08
219,Instagram,2024-08-06,Video,40751,34490,1284,109,109,42,1502,3.685799121493951,0.031508429241000224,0.0026747809869696448,0.0026747809869696448,0.0010306495546121568,2024-08
220,Instagram,2024-08-07,Text,32421,20528,775,151,39,25,965,2.976465870886154,0.02390425958483699,0.004657475093303723,0.001202924030720829,0.0007711051478979673,2024-08
221,Instagram,2024-08-08,Image,33807,28869,982,75,88,127,1145,3.3868725411896943,0.029047238737539564,0.002218475463661372,0.00260301121069601,0.003756618451799923,2024-08
222,Twitter,2024-08-09,Text,27855,17778,400,71,35,25,506,1.8165499910249505,0.014360078980434392,0.0025489140190271048,0.0012565069107880094,0.0008975049362771495,2024-08
223,LinkedIn,2024-08-10,Image,38232,27495,579,71,48,53,698,1.8256957522494246,0.015144381669805399,0.0018570830717723372,0.0012554927809165098,0.0013862732789286462,2024-08
224,LinkedIn,2024-08-11,Image,5335,4477,354,30,29,23,413,7.741330834114339,0.06635426429240862,0.005623242736644799,0.005435801312089972,0.004311152764761012,2024-08
225,Instagram,2024-08-12,Image,20659,13324,608,109,26,86,743,3.5964954741274986,0.029430272520451134,0.005276150830146667,0.0012585313906771868,0.004162834599932233,2024-08
226,LinkedIn,2024-08-13,Text,39310,26289,1131,132,29,69,1292,3.2866954973289237,0.02877130501144747,0.0033579241923174766,0.0007377257695242941,0.0017552785550750446,2024-08
227,LinkedIn,2024-08-14,Image,48105,39286,2387,303,124,194,2814,5.84970377299657,0.049620621557010705,0.0062987215466167755,0.0025776946263382184,0.004032844818625922,2024-08
228,Twitter,2024-08-15,Carousel,40580,33113,1095,113,37,147,1245,3.068013799901429,0.026983735830458353,0.0027846229669788074,0.0009117792015771315,0.00362247412518482,2024-08
229,Twitter,2024-08-16,Text,38588,30574,2354,327,177,308,2858,7.406447600290246,0.06100342075256556,0.00847413703742096,0.004586918212915932,0.00798175598631699,2024-08
230,Twitter,2024-08-17,Carousel,13716,11085,744,55,35,38,834,6.080489938757655,0.0542432195975503,0.004009915427238262,0.0025517643627879848,0.0027704870224555265,2024-08
231,Twitter,2024-08-18,Image,36047,27497,697,75,68,88,840,2.3302910089605238,0.01933586706244625,0.002080616972286182,0.001886426054872805,0.0024412572474824534,2024-08
232,Instagram,2024-08-19,Video,31971,21597,973,190,69,82,1232,3.8534922273310186,0.03043383065903475,0.005942885740202058,0.002158205874073379,0.002564824372087204,2024-08
233,Twitter,2024-08-20,Image,17808,12531,911,80,78,80,1069,6.002920035938904,0.05115678346810422,0.004492362982929021,0.004380053908355795,0.004492362982929021,2024-08
234,LinkedIn,2024-08-21,Carousel,28032,18346,1406,208,43,64,1657,5.911101598173516,0.050156963470319636,0.007420091324200913,0.0015339611872146118,0.00228310502283105,2024-08
235,Instagram,2024-08-22,Carousel,34849,30406,1460,144,129,57,1733,4.9728830095555105,0.04189503285603604,0.004132112829636432,0.0037016844098826363,0.0016356279950644208,2024-08
236,LinkedIn,2024-08-23,Text,45945,35608,2022,335,189,237,2546,5.541408205463054,0.04400914136467515,0.0072913265861355965,0.004113614103819784,0.005158341495266079,2024-08
237,LinkedIn,2024-08-24,Video,6213,4474,134,9,7,12,150,2.4142926122646067,0.021567680669563816,0.0014485755673587638,0.0011266698857234831,0.001931434089811685,2024-08
238,LinkedIn,2024-08-25,Text,49907,36861,2929,572,200,241,3701,7.415793375678763,0.0586891618410243,0.011461318051575931,0.0040074538641873885,0.0048289819063458035,2024-08
239,Twitter,2024-08-26,Carousel,5304,4689,158,18,12,18,188,3.544494720965309,0.029788838612368026,0.003393665158371041,0.0022624434389140274,0.003393665158371041,2024-08
240,Twitter,2024-08-27,Image,10636,6870,525,44,17,63,586,5.509590071455435,0.04936066190297104,0.004136893569010906,0.0015983452425723957,0.005923279428356525,2024-08
241,Instagram,2024-08-28,Video,509,394,23,1,1,1,25,4.911591355599214,0.04518664047151277,0.0019646365422396855,0.0019646365422396855,0.0019646365422396855,2024-08
242,Instagram,2024-08-29,Image,19755,14851,838,63,43,86,944,4.778537079220451,0.042419640597317135,0.0031890660592255125,0.0021766641356618576,0.004353328271323715,2024-08
243,Twitter,2024-08-30,Image,24293,19032,966,123,30,44,1119,4.606265179269749,0.039764541225867533,0.005063186926275058,0.0012349236405548923,0.0018112213394805088,2024-08
244,LinkedIn,2024-08-31,Video,30048,18192,615,61,30,73,706,2.349574014909478,0.020467252396166133,0.0020300851970181046,0.000998402555910543,0.002429446219382322,2024-08
245,Instagram,2024-09-01,Text,38392,33079,1011,176,25,110,1212,3.1569076891018963,0.02633361116899354,0.004584288393415295,0.0006511773286101271,0.0028651802458845594,2024-09
246,Twitter,2024-09-02,Image,1515,1332,44,5,0,6,49,3.2343234323432344,0.029042904290429043,0.0033003300330033004,0.0,0.0039603960396039604,2024-09
247,Twitter,2024-09-03,Carousel,28212,21710,677,59,20,25,756,2.679710761378137,0.0239968807599603,0.0020913086629802922,0.000708918190840777,0.0008861477385509712,2024-09
248,Twitter,2024-09-04,Image,35461,28687,1915,273,185,70,2373,6.691858661628268,0.05400298919940216,0.007698598460280308,0.005216998956600208,0.001973999605200079,2024-09
249,LinkedIn,2024-09-05,Video,8915,7816,320,49,20,20,389,4.3634324172742565,0.0358945597307908,0.005496354458777342,0.002243409983174425,0.002243409983174425,2024-09
250,Twitter,2024-09-06,Video,46818,38024,892,66,86,54,1044,2.229911572472126,0.019052501174761843,0.0014097142124823785,0.0018369003374770388,0.0011534025374855825,2024-09
251,Twitter,2024-09-07,Video,47780,30854,2411,181,131,143,2723,5.6990372540812055,0.05046044370029301,0.0037881958978652156,0.00274173294265383,0.0029928840519045626,2024-09
252,Twitter,2024-09-08,Text,24333,18806,1373,76,61,190,1510,6.20556445978712,0.056425430485349114,0.003123330456581597,0.002506883655940492,0.007808326141453993,2024-09
253,Twitter,2024-09-09,Image,4658,3642,275,44,16,16,335,7.191927866036926,0.059038213825676256,0.009446114212108201,0.0034349506225848005,0.0034349506225848005,2024-09
254,Instagram,2024-09-10,Text,20809,15133,1206,180,66,75,1452,6.977750012014032,0.057955692248546305,0.008650103320678552,0.003171704550915469,0.0036042097169493967,2024-09
255,Instagram,2024-09-11,Text,7470,6132,186,22,5,22,213,2.8514056224899598,0.024899598393574297,0.0029451137884872825,0.0006693440428380187,0.0029451137884872825,2024-09
256,Twitter,2024-09-12,Video,7438,6547,286,50,20,24,356,4.78623285829524,0.03845119655821457,0.006722237160527024,0.0026888948642108095,0.0032266738370529714,2024-09
257,LinkedIn,2024-09-13,Video,21668,19017,1245,212,46,153,1503,6.936496215617501,0.05745800258445634,0.009784013291489755,0.0021229462802289088,0.007061103932065719,2024-09
258,Instagram,2024-09-14,Text,47040,34586,2136,294,148,80,2578,5.480442176870748,0.045408163265306126,0.00625,0.0031462585034013604,0.0017006802721088435,2024-09
259,Twitter,2024-09-15,Image,20884,13239,387,69,27,34,483,2.3127753303964758,0.01853093277149971,0.003303964757709251,0.001292855774755794,0.0016280406052480367,2024-09
260,Instagram,2024-09-16,Carousel,18517,16581,1143,92,36,38,1271,6.863962844953287,0.06172706161905276,0.004968407409407571,0.001944159421072528,0.0020521682777987797,2024-09
261,Instagram,2024-09-17,Text,10844,9235,309,20,7,11,336,3.098487642936186,0.02849502028771671,0.0018443378827001106,0.0006455182589450387,0.001014385835485061,2024-09
262,LinkedIn,2024-09-18,Image,40534,25836,863,78,71,119,1012,2.4966694626733115,0.021290768243943357,0.001924310455420141,0.0017516159273696155,0.002935806976858933,2024-09
263,Twitter,2024-09-19,Video,9202,8063,421,24,23,19,468,5.085850901977831,0.04575092371223647,0.002608128667680939,0.0024994566398608997,0.0020647685285807432,2024-09
264,Twitter,2024-09-20,Video,884,761,42,5,1,3,48,5.429864253393665,0.04751131221719457,0.005656108597285068,0.0011312217194570137,0.003393665158371041,2024-09
265,LinkedIn,2024-09-21,Image,904,683,37,7,3,2,47,5.199115044247788,0.04092920353982301,0.007743362831858407,0.00331858407079646,0.0022123893805309734,2024-09
266,LinkedIn,2024-09-22,Carousel,41443,32217,821,45,20,58,886,2.1378761190068287,0.019810341915401878,0.0010858287286152064,0.00048259054605120287,0.0013995125835484883,2024-09
267,Twitter,2024-09-23,Video,48426,34852,2531,172,191,349,2894,5.976128525998431,0.05226531202246727,0.003551811010614133,0.003944162226902904,0.007206872341304258,2024-09
268,Twitter,2024-09-24,Video,29689,18301,657,77,64,21,798,2.6878641921250295,0.02212940819832261,0.002593553167839941,0.002155680555087743,0.0007073326821381657,2024-09
269,LinkedIn,2024-09-25,Video,13263,9291,258,49,10,28,317,2.390107818743874,0.01945261253110156,0.003694488426449521,0.0007539772298876574,0.0021111362436854408,2024-09
270,Instagram,2024-09-26,Image,18884,15878,1164,113,36,169,1313,6.9529760643931375,0.06163948316034738,0.005983901715738191,0.0019063757678457953,0.008949375132387206,2024-09
271,Instagram,2024-09-27,Text,33106,19909,1539,194,45,149,1778,5.37062768078294,0.04648704162387483,0.0058599649610342535,0.0013592702229203166,0.004500694738113937,2024-09
272,LinkedIn,2024-09-28,Video,10360,7252,520,29,23,74,572,5.521235521235521,0.05019305019305019,0.002799227799227799,0.00222007722007722,0.007142857142857143,2024-09
273,Instagram,2024-09-29,Text,39257,28243,1936,139,54,70,2129,5.423236620220598,0.04931604554601727,0.003540769799016736,0.0013755508571719694,0.0017831214815192196,2024-09
274,LinkedIn,2024-09-30,Carousel,15606,11879,704,139,53,56,896,5.7413815199282325,0.04511085479943611,0.008906830706138664,0.0033961296937075483,0.0035883634499551454,2024-09
275,Instagram,2024-10-01,Video,24074,21087,1118,217,27,68,1362,5.657555869402675,0.04644014289274736,0.009013873888842734,0.0011215419124366536,0.002824624075766387,2024-10
276,Instagram,2024-10-02,Video,24024,16910,426,21,25,50,472,1.9647019647019648,0.017732267732267732,0.0008741258741258741,0.0010406260406260407,0.0020812520812520815,2024-10
277,Twitter,2024-10-03,Carousel,4136,2912,129,24,12,19,165,3.9893617021276597,0.031189555125725337,0.005802707930367505,0.0029013539651837525,0.004593810444874275,2024-10
278,Twitter,2024-10-04,Video,11416,9375,397,57,33,24,487,4.26594253679047,0.03477575332866153,0.004992992291520673,0.0028906797477224948,0.002102312543798178,2024-10
279,Instagram,2024-10-05,Text,5309,3905,138,24,9,14,171,3.2209455641363722,0.02599359578074967,0.004520625353173856,0.0016952345074401959,0.0026370314560180824,2024-10
280,Instagram,2024-10-06,Image,32701,21824,1383,163,61,74,1607,4.914222806641998,0.042292284639613466,0.004984557047185101,0.0018653863796214184,0.002262927739212868,2024-10
281,Twitter,2024-10-07,Text,13956,10267,510,64,35,49,609,4.363714531384351,0.03654342218400688,0.004585841215247922,0.0025078819145887073,0.00351103468042419,2024-10
282,Twitter,2024-10-08,Image,48712,31285,777,95,48,66,920,1.8886516669403843,0.01595089505665955,0.0019502381343406141,0.0009853834784036787,0.0013549022828050583,2024-10
283,Twitter,2024-10-09,Image,39265,25636,851,127,46,124,1024,2.607920539921049,0.02167324589328919,0.0032344327008786452,0.0011715268050426588,0.0031580287788106455,2024-10
284,LinkedIn,2024-10-10,Text,35316,26469,1614,114,49,166,1777,5.0317136708574015,0.04570166496772001,0.0032279986408426777,0.0013874731000113262,0.004700419073507759,2024-10
285,Instagram,2024-10-11,Text,45606,33095,813,44,73,58,930,2.0392053677147746,0.01782660176292593,0.000964785335262904,0.001600666578958909,0.0012717624873920098,2024-10
286,Twitter,2024-10-12,Text,17600,15390,1093,105,61,47,1259,7.153409090909091,0.06210227272727273,0.005965909090909091,0.003465909090909091,0.0026704545454545453,2024-10
287,Instagram,2024-10-13,Text,22449,15910,790,123,28,38,941,4.19172346206958,0.035190877099202635,0.005479085928103701,0.0012472715933894605,0.0016927257338856965,2024-10
288,LinkedIn,2024-10-14,Carousel,5044,3904,190,15,9,10,214,4.2426645519429025,0.03766851704996035,0.002973830293417922,0.0017842981760507533,0.0019825535289452814,2024-10
289,LinkedIn,2024-10-15,Video,38244,30200,1677,253,89,100,2019,5.27925949168497,0.04385001568873549,0.006615416797406129,0.002327162430708085,0.0026147892479866123,2024-10
290,Twitter,2024-10-16,Image,46043,27806,1931,377,166,255,2474,5.373238060074279,0.04193905696848598,0.008187998175618444,0.00360532545663836,0.00553830115326977,2024-10
291,LinkedIn,2024-10-17,Text,43283,34585,1413,90,111,137,1614,3.7289466996280294,0.03264561144098145,0.0020793383083427676,0.00256451724695608,0.003165214980477324,2024-10
292,Instagram,2024-10-18,Text,27157,17744,1076,162,87,99,1325,4.879036712449829,0.03962146039695106,0.005965312810693376,0.00320359391685385,0.003645468939868174,2024-10
293,Twitter,2024-10-19,Text,36687,32589,1757,204,36,76,1997,5.443345054106359,0.04789162373592826,0.005560552784365034,0.0009812740207703,0.002071578488292856,2024-10
294,Instagram,2024-10-20,Carousel,47698,30746,1107,199,58,147,1364,2.8596586858987796,0.023208520273386726,0.0041720826869051115,0.0012159838986959622,0.0030818902260052834,2024-10
295,Instagram,2024-10-21,Text,7739,5606,407,31,23,47,461,5.956841969246673,0.05259077400180902,0.0040056854890812765,0.002971960201576431,0.006073136064090968,2024-10
296,LinkedIn,2024-10-22,Text,14989,9377,636,97,13,24,746,4.976983120955367,0.04243111615184469,0.006471412369070652,0.0008673026886383347,0.0016011741944092334,2024-10
297,LinkedIn,2024-10-23,Text,49901,44864,2669,468,108,306,3245,6.502875693873871,0.053485902086130535,0.009378569567744133,0.002164285284864031,0.006132141640448088,2024-10
298,LinkedIn,2024-10-24,Video,43625,32747,2326,445,187,221,2958,6.780515759312321,0.05331805157593123,0.01020057306590258,0.004286532951289398,0.005065902578796562,2024-10
299,LinkedIn,2024-10-25,Carousel,29038,22609,1628,248,50,64,1926,6.632688201666781,0.056064467249810596,0.008540533094565742,0.00172188167229148,0.0022040085405330948,2024-10
300,LinkedIn,2024-10-26,Text,32549,20184,1261,157,79,107,1497,4.5992196380841195,0.03874158960336723,0.0048234968816246275,0.002427109895849335,0.0032873513779225166,2024-10
